Source,ddof1,ddof2,F,p-unc,np2
label_price,2,719569.8169596407,8462.522158305572,0.0,0.01232495051086078
