Score,Set
0.9999989476352039,Train
0.9970878473490158,Test
